PermitTypeDesc,permits,permits_with_unit_changes,units_added,units_removed,estimated_cost
New,32093,22881,214119.0,2679.0,106029831923.24
,13059,3260,20518.0,5489.0,48027545729.907
Demolition,9389,5305,15616.0,8076.0,12093754777.96
Addition/Alteration,111561,7075,13957.0,1418.0,26850186864.4128
Change of Use Only - No Construction,482,75,194.0,124.0,36203795.25
Temporary,1111,9,114.0,1.0,176588364.14
NONE,388,55,59.0,12.0,5550256.0
Deconstruction,47,28,4.0,32.0,8619375.0
Shoreline Permit Exemption,1053,0,0.0,0.0,1091568535.71
Tenant Improvment,4871,0,0.0,0.0,1648744701.65
Tenant Improvement Pre-Approval,294,0,0.0,0.0,176252302.0
Street Improvement Exception,694,0,0.0,0.0,3512168047.81
Curb Cut,792,0,0.0,0.0,7430875.0
Shoreline Exemption,3537,0,0.0,0.0,339527403.83
Relocation,27,10,0.0,10.0,1612361.0
Modification to Submittal Requirements,229,0,0.0,0.0,51406091.91
Environmentally Critical Area Exemption,11516,0,0.0,0.0,3427616583.65
ECA Small Project Waiver,173,0,0.0,0.0,13937439.51
Relief from Prohibition on Steep Slope,1606,0,0.0,0.0,2732972266.723
