PermitNum,ParentPermitNum,RelatedMup,Development Site,PermitTypeMapped,PermitTypeDesc,Description,EstProjectCostNumeric,AppliedDate,IssuedDate,CompletedDate,StatusCurrent,OriginalAddress1
6694765-PH,,"3032552-LU, 3032560-LU",,Building,Addition/Alteration,Phased Project:  Substantial alterations for renovation of the Seattle Center Arena for multi-purpose entertainment and sports center and occupy  per plan,458767965.0,2018-11-06,2019-08-05,2022-04-01,Completed,334 1ST AVE N
6706025-PH,,3020315-LU,"DV0029561, DV0086597, DV0090595",Building,New,Phased permit:  Construction of a residential and retail building with two towers and below grade parking and occupy  per plan,370600000.0,2020-06-09,2021-11-29,,Issued,2350 6TH AVE
6438159-PH,,3013153-LU,,Building,New,Construction of east office and retail tower and base structure with below grade parking and occupy  per plan.,292239968.0,2016-03-14,2017-03-14,2019-08-22,Completed,2100 7TH AVE
6423734-PH,,3016917-LU,,Building,New,Phased project:  Construction of a hotel and retail building with below grade parking and occupy  per plan.,281194637.0,2015-05-20,2016-02-16,2018-10-22,Completed,808 HOWELL ST
6339340-PH,,3013151-LU,,Building,New,Construction of office building with below grade parking and occupy  per plan.,280589934.0,2013-06-20,2013-10-15,2016-02-25,Completed,2021 7TH AVE
6436184-PH,,3017644-LU,"DV0029706, DV0094857",Building,New,Phased project:  Construction of an office/residential tower and an office tower on a common podium structure with below grade parking and occupy  per plan.,270965923.0,2016-12-21,2018-04-25,2021-08-26,Completed,1301 5TH AVE
6366839-PH,,3013154-LU,,Building,New,Construction of an administrative office tower with ground floor retail and below grade parking  and occupy per plans.,248165302.0,2014-01-29,2014-07-23,2018-03-30,Completed,2101 7TH AVE
6459663-PH,,3018578-LU,,Building,New,Phased project:  Construction of office and retail buildings with shared below grade parking and occupy  per plan,229329578.0,2017-05-08,2018-01-19,,Expired,2200 7TH AVE
6757677-DM,,,,Demolition,Demolition,Demolish the D wing of Northwest Hospital  per plan.,224000000.0,2020-11-03,2021-04-19,2023-12-07,Completed,1550 N 115TH ST
6792865-GR,,,,Grading,,Construct grading per plans. Demolition under separate permit,224000000.0,2020-11-12,2021-05-14,2024-03-08,Completed,1550 N 115TH ST
6501134-PH,,3020176-LU,,Building,New,Phased project:  Construction of convention center building with below grade parking and occupy  per plan.  Project includes mechanical review. (see also 6507024 and 6550917).,223537945.0,2017-05-26,2018-10-12,,Issued,1600 9TH AVE
6713441-PH,,3030079-LU,,Building,New,Phased project:  Construction of podium and east office and retail tower and occupy  per plan (Construction of two office and retail towers over a common parking and podium structure  per plan - Reviews and processing for 2 records under 6713441-PH),213370737.0,2020-12-18,2022-12-14,,Phase Issued,1120 JOHN ST
6472029-PH,,3019177-LU,,Building,New,Phased Project:  Construct office building with retail and below grade parking  occupy per plan.,199040610.0,2016-07-01,2017-08-05,2019-12-19,Completed,1201 2ND AVE
6480364-PH,,3018961-LU,,Building,New,Phased project: Remove portion of existing hospital and construct new hospital high-rise  and alterations  including below grade parking  pedestrian walkways & tunnels  to Swedish Medical Center  and occupy per plan  mechanical included.,192230798.0,2016-07-25,2023-09-12,,Issued,747 BROADWAY
6492105-PH,,3020943-LU,DV0085813,Building,New,Phased project:  Construct west residential tower and retail common base structure  including residential lowrise  with below grade parking  occupy per plan. (Construct mixed-use building with two residential towers above a retail common base structure w/ below grade parking/review & process for 2 records under #6492105-PH).  Mechanical is included.,192096624.0,2016-12-30,2019-04-30,,Issued,1200 STEWART ST
6530812-PH,,3017232-LU,DV0082667,Building,New,Phased project: Construct south residential tower and commercial base and below grade structure  occupy per plan. Mechanical included. (Construct mixed-use building with two residential towers and below grade parking/review and process 2 Records under 6530812-PH.),191358545.0,2016-12-09,2017-10-18,2022-12-12,Completed,1120 DENNY WAY
6898714-DM,,,,Demolition,Demolition,Demolish existing apartment building  per plan.,180000000.0,2025-05-08,2025-12-09,,Issued,900 UNIVERSITY ST
6998504-PH,,3030079-LU,,Building,New,Phased project: Construct multi-family high-rise (west) towers and base structure  occupy per plan.,175712904.0,2020-12-18,2022-12-14,,Reviews In Process,1101 THOMAS ST
6957110-PH,,3039169-LU,,Building,New,Phased project: Construct residential/commercial building with three residential towers above podium and below grade parking  occupy per plan. Mechanical included.,170055127.0,2023-08-14,2025-10-01,,Issued,3020 NE 45TH ST
6128401-PH,,3014759-LU,,Building,New,Construction of a high-rise/office  retail and below grade parking structure.,166696118.0,2008-08-13,2015-09-09,2017-11-14,Completed,920 5TH AVE
6100299-CN,,,,Building,New,Construct and occupy a 40-story mixed-use building (phase IV of IV) per plan.,166157336.0,2004-05-21,2004-12-06,2006-06-08,Completed,1301 2ND AVE
6529069-PH,,3021854-LU,,Building,Addition/Alteration,Phased project:  Construction of substantial alterations and additions to existing office buildings A  B  C  D  E (Central Utility Plant (CUP))  and Building J)  per plan,162595200.0,2017-06-29,2017-11-28,2020-12-14,Completed,1111 EXPEDIA GROUP WAY W
6119249-CN,,3004231-LU,DV0056071,Building,New,Construction of north 40-story high-rise tower and base for retail  residential & parking.,162000000.0,2007-07-25,2012-06-26,2017-01-05,Completed,583 BATTERY ST
6855940-DM,,,,Demolition,Demolition,Demolish existing institutional building (Univerity of Washington Bldg.)  per plan.,158000000.0,2022-11-15,2023-05-01,,Issued,3919 UNIVERSITY WAY NE
6874116-PH,,,,Building,New,Phased project: Construction of an institutional building and occupy per plan. Mechanical is included.,158000000.0,2022-11-28,2023-11-06,,Phase Issued,3919 UNIVERSITY WAY NE
